{
  "hash": "214f4bfc",
  "configHash": "ce1a88cd",
  "lockfileHash": "c11b19d0",
  "browserHash": "759f9ebf",
  "optimized": {
    "@angular/common": {
      "src": "../../../../../../node_modules/@angular/common/fesm2022/common.mjs",
      "file": "@angular_common.js",
      "fileHash": "37c18eac",
      "needsInterop": false
    },
    "@angular/common/http": {
      "src": "../../../../../../node_modules/@angular/common/fesm2022/http.mjs",
      "file": "@angular_common_http.js",
      "fileHash": "5055ae6d",
      "needsInterop": false
    },
    "@angular/common/locales/es-CO": {
      "src": "../../../../../../node_modules/@angular/common/locales/es-CO.js",
      "file": "@angular_common_locales_es-CO.js",
      "fileHash": "63ed9c76",
      "needsInterop": false
    },
    "@angular/core": {
      "src": "../../../../../../node_modules/@angular/core/fesm2022/core.mjs",
      "file": "@angular_core.js",
      "fileHash": "95c2f3a2",
      "needsInterop": false
    },
    "@angular/core/rxjs-interop": {
      "src": "../../../../../../node_modules/@angular/core/fesm2022/rxjs-interop.mjs",
      "file": "@angular_core_rxjs-interop.js",
      "fileHash": "5e85868d",
      "needsInterop": false
    },
    "@angular/forms": {
      "src": "../../../../../../node_modules/@angular/forms/fesm2022/forms.mjs",
      "file": "@angular_forms.js",
      "fileHash": "19116e0c",
      "needsInterop": false
    },
    "@angular/platform-browser": {
      "src": "../../../../../../node_modules/@angular/platform-browser/fesm2022/platform-browser.mjs",
      "file": "@angular_platform-browser.js",
      "fileHash": "91f7905e",
      "needsInterop": false
    },
    "@angular/router": {
      "src": "../../../../../../node_modules/@angular/router/fesm2022/router.mjs",
      "file": "@angular_router.js",
      "fileHash": "bad8742e",
      "needsInterop": false
    },
    "@formkit/tempo": {
      "src": "../../../../../../node_modules/@formkit/tempo/dist/index.mjs",
      "file": "@formkit_tempo.js",
      "fileHash": "0abd406c",
      "needsInterop": false
    },
    "@tanstack/angular-query-experimental": {
      "src": "../../../../../../node_modules/@tanstack/angular-query-experimental/index.mjs",
      "file": "@tanstack_angular-query-experimental.js",
      "fileHash": "4c54d552",
      "needsInterop": false
    },
    "@tanstack/angular-query-experimental/devtools": {
      "src": "../../../../../../node_modules/@tanstack/angular-query-experimental/devtools/index.mjs",
      "file": "@tanstack_angular-query-experimental_devtools.js",
      "fileHash": "6fb31c48",
      "needsInterop": false
    },
    "rxjs": {
      "src": "../../../../../../node_modules/rxjs/dist/esm5/index.js",
      "file": "rxjs.js",
      "fileHash": "f4672de0",
      "needsInterop": false
    }
  },
  "chunks": {
    "chunk-GKO7ET5V": {
      "file": "chunk-GKO7ET5V.js"
    },
    "6ELMOJL2-MVXYTGDC": {
      "file": "6ELMOJL2-MVXYTGDC.js"
    },
    "PULY4AJ7-Z7MK3CMB": {
      "file": "PULY4AJ7-Z7MK3CMB.js"
    },
    "chunk-LWIS2334": {
      "file": "chunk-LWIS2334.js"
    },
    "dev-PZNRSDR2": {
      "file": "dev-PZNRSDR2.js"
    },
    "chunk-XDULQ2P3": {
      "file": "chunk-XDULQ2P3.js"
    },
    "chunk-4VII7POP": {
      "file": "chunk-4VII7POP.js"
    },
    "chunk-624KZMRJ": {
      "file": "chunk-624KZMRJ.js"
    },
    "chunk-AHE6KLSD": {
      "file": "chunk-AHE6KLSD.js"
    },
    "chunk-W2WIUP6R": {
      "file": "chunk-W2WIUP6R.js"
    },
    "chunk-K7ECXGLD": {
      "file": "chunk-K7ECXGLD.js"
    },
    "chunk-NWRJDIBR": {
      "file": "chunk-NWRJDIBR.js"
    },
    "chunk-RSS3ODKE": {
      "file": "chunk-RSS3ODKE.js"
    },
    "chunk-653SOEEV": {
      "file": "chunk-653SOEEV.js"
    }
  }
}