{
  "hash": "e6ca999d",
  "configHash": "5ba019a9",
  "lockfileHash": "c11b19d0",
  "browserHash": "3cd786f6",
  "optimized": {
    "@angular/common": {
      "src": "../../../../../../node_modules/@angular/common/fesm2022/common.mjs",
      "file": "@angular_common.js",
      "fileHash": "36fcceef",
      "needsInterop": false
    },
    "@angular/common/http": {
      "src": "../../../../../../node_modules/@angular/common/fesm2022/http.mjs",
      "file": "@angular_common_http.js",
      "fileHash": "9a9fa41f",
      "needsInterop": false
    },
    "@angular/common/locales/es-US": {
      "src": "../../../../../../node_modules/@angular/common/locales/es-US.js",
      "file": "@angular_common_locales_es-US.js",
      "fileHash": "683762e1",
      "needsInterop": false
    },
    "@angular/core": {
      "src": "../../../../../../node_modules/@angular/core/fesm2022/core.mjs",
      "file": "@angular_core.js",
      "fileHash": "be858e50",
      "needsInterop": false
    },
    "@angular/core/rxjs-interop": {
      "src": "../../../../../../node_modules/@angular/core/fesm2022/rxjs-interop.mjs",
      "file": "@angular_core_rxjs-interop.js",
      "fileHash": "c206e9c1",
      "needsInterop": false
    },
    "@angular/forms": {
      "src": "../../../../../../node_modules/@angular/forms/fesm2022/forms.mjs",
      "file": "@angular_forms.js",
      "fileHash": "eed9f6e0",
      "needsInterop": false
    },
    "@angular/platform-browser": {
      "src": "../../../../../../node_modules/@angular/platform-browser/fesm2022/platform-browser.mjs",
      "file": "@angular_platform-browser.js",
      "fileHash": "896f0e42",
      "needsInterop": false
    },
    "@angular/platform-server/init": {
      "src": "../../../../../../node_modules/@angular/platform-server/fesm2022/init.mjs",
      "file": "@angular_platform-server_init.js",
      "fileHash": "872662e1",
      "needsInterop": false
    },
    "@angular/router": {
      "src": "../../../../../../node_modules/@angular/router/fesm2022/router.mjs",
      "file": "@angular_router.js",
      "fileHash": "c1389aa0",
      "needsInterop": false
    },
    "@angular/ssr": {
      "src": "../../../../../../node_modules/@angular/ssr/fesm2022/ssr.mjs",
      "file": "@angular_ssr.js",
      "fileHash": "f6f38ff4",
      "needsInterop": false
    },
    "@angular/ssr/node": {
      "src": "../../../../../../node_modules/@angular/ssr/fesm2022/node.mjs",
      "file": "@angular_ssr_node.js",
      "fileHash": "fd757733",
      "needsInterop": false
    },
    "@formkit/tempo": {
      "src": "../../../../../../node_modules/@formkit/tempo/dist/index.mjs",
      "file": "@formkit_tempo.js",
      "fileHash": "73adeffc",
      "needsInterop": false
    },
    "@tanstack/angular-query-experimental": {
      "src": "../../../../../../node_modules/@tanstack/angular-query-experimental/index.mjs",
      "file": "@tanstack_angular-query-experimental.js",
      "fileHash": "c073d279",
      "needsInterop": false
    },
    "@tanstack/angular-query-experimental/devtools": {
      "src": "../../../../../../node_modules/@tanstack/angular-query-experimental/devtools/index.mjs",
      "file": "@tanstack_angular-query-experimental_devtools.js",
      "fileHash": "c12b95a5",
      "needsInterop": false
    },
    "express": {
      "src": "../../../../../../node_modules/express/index.js",
      "file": "express.js",
      "fileHash": "d85a5446",
      "needsInterop": true
    },
    "rxjs": {
      "src": "../../../../../../node_modules/rxjs/dist/cjs/index.js",
      "file": "rxjs.js",
      "fileHash": "fc1c3203",
      "needsInterop": true
    },
    "@angular/common/locales/es-CO": {
      "src": "../../../../../../node_modules/@angular/common/locales/es-CO.js",
      "file": "@angular_common_locales_es-CO.js",
      "fileHash": "3177b61a",
      "needsInterop": false
    }
  },
  "chunks": {
    "xhr2-HRNNOUCA": {
      "file": "xhr2-HRNNOUCA.js"
    },
    "6ELMOJL2-DHZ6GKW7": {
      "file": "6ELMOJL2-DHZ6GKW7.js"
    },
    "PULY4AJ7-WCPIRBTW": {
      "file": "PULY4AJ7-WCPIRBTW.js"
    },
    "chunk-4CGAD67A": {
      "file": "chunk-4CGAD67A.js"
    },
    "dev-CAEM4JAC": {
      "file": "dev-CAEM4JAC.js"
    },
    "chunk-WMR23NWI": {
      "file": "chunk-WMR23NWI.js"
    },
    "chunk-UMSCXKHK": {
      "file": "chunk-UMSCXKHK.js"
    },
    "chunk-5YY7E6KE": {
      "file": "chunk-5YY7E6KE.js"
    },
    "chunk-Z4PCMPEL": {
      "file": "chunk-Z4PCMPEL.js"
    },
    "chunk-VQQB2AWD": {
      "file": "chunk-VQQB2AWD.js"
    },
    "chunk-4IC2V4NO": {
      "file": "chunk-4IC2V4NO.js"
    },
    "chunk-XWP3HHKU": {
      "file": "chunk-XWP3HHKU.js"
    },
    "chunk-Y7IVMKPC": {
      "file": "chunk-Y7IVMKPC.js"
    },
    "chunk-PXIIOFS2": {
      "file": "chunk-PXIIOFS2.js"
    },
    "chunk-7QBDMTNB": {
      "file": "chunk-7QBDMTNB.js"
    },
    "chunk-P4GNISSK": {
      "file": "chunk-P4GNISSK.js"
    },
    "chunk-3EVLEYEM": {
      "file": "chunk-3EVLEYEM.js"
    }
  }
}